H2:CO2,Mole fraction CH4
2,0.0000709
3,0.0000899
4,0.0000998
5,0.0001106
6,0.0001210
