H2:CO2,Mole fraction CO
2,0.00412
3,0.00480
4,0.00480
5,0.00478
6,0.00470
